TH,100272945963,2819662855499,0.03556203387
HE,86697336727,2819662855499,0.03074741243
IN,68595215308,2819662855499,0.0243274529
ER,57754162106,2819662855499,0.02048264813
AN,55974567611,2819662855499,0.01985151079
RE,52285662239,2819662855499,0.01854323191
ON,49570981965,2819662855499,0.01758046423
AT,41920838452,2819662855499,0.01486732301
EN,41004903554,2819662855499,0.01454248456
ND,38129777631,2819662855499,0.01352281446
TI,37856196209,2819662855499,0.01342578817
ES,37766388079,2819662855499,0.01339393751
OR,35994097756,2819662855499,0.01276539062
TE,33973261529,2819662855499,0.01204869634
OF,33130341561,2819662855499,0.01174975281
ED,32937140633,2819662855499,0.01168123365
IS,31817918249,2819662855499,0.01128429883
IT,31672532308,2819662855499,0.01123273736
AL,30662410438,2819662855499,0.01087449529
AR,30308513014,2819662855499,0.01074898474
ST,29704461829,2819662855499,0.01053475658
TO,29360205581,2819662855499,0.0104126653
NT,29359771944,2819662855499,0.01041251151
NG,26871805511,2819662855499,0.009530148421
SE,26282488562,2819662855499,0.009321145793
HA,26103411208,2819662855499,0.009257635592
AS,24561944198,2819662855499,0.008710950726
OU,24531132241,2819662855499,0.008700023194
IO,23542263265,2819662855499,0.008349318508
LE,23382173640,2819662855499,0.008292542349
VE,23270129573,2819662855499,0.00825280566
CO,22384167777,2819662855499,0.007938597245
ME,22360109325,2819662855499,0.007930064859
DE,21565300071,2819662855499,0.007648183906
HI,21520845924,2819662855499,0.007632418139
RI,20516398905,2819662855499,0.007276188664
RO,20491179118,2819662855499,0.007267244408
IC,19701195496,2819662855499,0.006987074876
NE,19504235770,2819662855499,0.00691722265
EA,19403941063,2819662855499,0.006881652899
RA,19332539912,2819662855499,0.006856330314
CE,18367773425,2819662855499,0.006514173632
LI,17604626629,2819662855499,0.006243521843
CH,16854985236,2819662855499,0.005977659777
LL,16257360474,2819662855499,0.005765710763
BE,16249257887,2819662855499,0.005762837162
MA,15938689768,2819662855499,0.005652693455
SI,15509759748,2819662855499,0.005500572424
OM,15402602484,2819662855499,0.005462568851
UR,15303657594,2819662855499,0.005427477815
CA,15174413181,2819662855499,0.005381640983
EL,14952716079,2819662855499,0.005303015589
TA,14941000711,2819662855499,0.005298860707
LA,14874551789,2819662855499,0.005275294442
NS,14350320288,2819662855499,0.005089374519
DI,13899990598,2819662855499,0.004929664045
FO,13753006196,2819662855499,0.004877535685
HO,13672603513,2819662855499,0.004849020686
PE,13477683504,2819662855499,0.00477989185
EC,13457763533,2819662855499,0.004772827186
PR,13378480175,2819662855499,0.004744709159
NO,13099447521,2819662855499,0.004645749578
CT,12997849406,2819662855499,0.00460971757
US,12808517567,2819662855499,0.004542570592
AC,12625666388,2819662855499,0.004477721996
OT,12465822481,2819662855499,0.004421032982
IL,12167821320,2819662855499,0.004315346176
TR,12006693396,2819662855499,0.004258201782
LY,11983948242,2819662855499,0.00425013516
NC,11722631112,2819662855499,0.004157458431
ET,11634161334,2819662855499,0.004126082418
UT,11423899818,2819662855499,0.004051512682
SS,11421755201,2819662855499,0.004050752089
SO,11214705934,2819662855499,0.003977321584
RS,11180732354,2819662855499,0.003965272774
UN,11121118166,2819662855499,0.003944130464
LO,10908830081,2819662855499,0.003868842
WA,10865206430,2819662855499,0.00385337077
GE,10861045622,2819662855499,0.00385189513
IE,10845731320,2819662855499,0.003846463877
WH,10680697684,2819662855499,0.003787934314
EE,10647199443,2819662855499,0.003776054085
WI,10557401491,2819662855499,0.003744207032
EM,10536054813,2819662855499,0.003736636383
AD,10375130449,2819662855499,0.003679564182
OL,10305660447,2819662855499,0.003654926484
RT,10198055461,2819662855499,0.003616764125
PO,10189505383,2819662855499,0.00361373182
WE,10176141608,2819662855499,0.003608992326
NA,9790855551,2819662855499,0.003472349729
UL,9751225781,2819662855499,0.003458294938
NI,9564648232,2819662855499,0.003392124776
TS,9516029773,2819662855499,0.003374882126
MO,9498813191,2819662855499,0.003368776225
OW,9318366591,2819662855499,0.003304780418
PA,9123652775,2819662855499,0.00323572471
IM,8959759181,2819662855499,0.003177599465
MI,8957825538,2819662855499,0.003176913694
AI,8922759715,2819662855499,0.003164477518
SH,8888705287,2819662855499,0.003152400036
IR,8886799024,2819662855499,0.003151723975
SU,8774129154,2819662855499,0.003111765343
ID,8332214014,2819662855499,0.00295503911
OS,8176085241,2819662855499,0.002899667677
IV,8116349309,2819662855499,0.002878482189
IA,8072199471,2819662855499,0.002862824346
AM,8032259916,2819662855499,0.00284865969
FI,8024355222,2819662855499,0.002845856272
CI,7936922442,2819662855499,0.002814848033
VI,7600241898,2819662855499,0.002695443494
PL,7415349106,2819662855499,0.002629870834
IG,7189051323,2819662855499,0.002549613798
TU,7187510085,2819662855499,0.002549067195
EV,7184041787,2819662855499,0.002547837155
LD,7122648226,2819662855499,0.002526063785
RY,6985436186,2819662855499,0.002477401216
MP,6743935008,2819662855499,0.00239175226
FE,6670566518,2819662855499,0.002365731954
BL,6581097936,2819662855499,0.002334001713
AB,6479202253,2819662855499,0.002297864172
GH,6414827751,2819662855499,0.002275033605
TY,6408447994,2819662855499,0.002272771009
OP,6313536754,2819662855499,0.002239110517
WO,6252724050,2819662855499,0.00221754315
SA,6147356936,2819662855499,0.002180174457
AY,6128842727,2819662855499,0.00217360835
EX,6035335807,2819662855499,0.002140445903
KE,6027536039,2819662855499,0.002137679697
FR,6011200185,2819662855499,0.002131886148
OO,5928601045,2819662855499,0.002102592171
AV,5778409728,2819662855499,0.002049326471
AG,5772552144,2819662855499,0.002047249065
IF,5731148470,2819662855499,0.002032565155
AP,5719570727,2819662855499,0.002028459082
GR,5548472398,2819662855499,0.001967778661
OD,5511014957,2819662855499,0.001954494292
BO,5509918152,2819662855499,0.001954105308
SP,5392724233,2819662855499,0.001912542211
RD,5338083783,2819662855499,0.001893163849
DO,5307591560,2819662855499,0.001882349711
UC,5291161134,2819662855499,0.001876522622
BU,5214802738,2819662855499,0.001849441939
EI,5169898489,2819662855499,0.001833516542
OV,5021440160,2819662855499,0.00178086545
BY,4975814759,2819662855499,0.001764684295
RM,4938158020,2819662855499,0.001751329245
EP,4837800987,2819662855499,0.00171573739
TT,4812693687,2819662855499,0.001706833027
OC,4692062395,2819662855499,0.001664050858
FA,4624241031,2819662855499,0.001639997854
EF,4588497002,2819662855499,0.00162732115
CU,4585165906,2819662855499,0.00162613977
RN,4521640992,2819662855499,0.001603610511
SC,4363410770,2819662855499,0.001547493794
GI,4275639800,2819662855499,0.001516365615
DA,4259590348,2819662855499,0.001510673639
YO,4226720021,2819662855499,0.001499016101
CR,4214150542,2819662855499,0.001494558306
CL,4201617719,2819662855499,0.001490113512
DU,4186093215,2819662855499,0.00148460771
GA,4175274057,2819662855499,0.00148077067
QU,4160167957,2819662855499,0.001475413257
UE,4158448570,2819662855499,0.001474803472
FF,4125634219,2819662855499,0.001463165786
BA,4122472992,2819662855499,0.00146204465
EY,4053144855,2819662855499,0.001437457264
LS,3990203351,2819662855499,0.001415134913
VA,3946966167,2819662855499,0.001399800745
UM,3901923211,2819662855499,0.001383826156
PP,3850125519,2819662855499,0.001365455984
UA,3844138094,2819662855499,0.00136333253
UP,3835093459,2819662855499,0.001360124829
LU,3811884104,2819662855499,0.001351893577
GO,3725558729,2819662855499,0.001321278082
HT,3670802795,2819662855499,0.001301858762
RU,3618438291,2819662855499,0.001283287569
UG,3606562400,2819662855499,0.001279075757
DS,3560125353,2819662855499,0.00126260675
LT,3486149365,2819662855499,0.001236370993
PI,3470838749,2819662855499,0.001230941048
RC,3422694015,2819662855499,0.001213866405
RR,3404547067,2819662855499,0.001207430548
EG,3370515965,2819662855499,0.001195361338
AU,3356322923,2819662855499,0.001190327743
CK,3316660134,2819662855499,0.001176261243
EW,3293529190,2819662855499,0.001168057799
MU,3231856188,2819662855499,0.001146185326
BR,3145611704,2819662855499,0.001115598518
BI,3005679357,2819662855499,0.001065971186
PT,2982699529,2819662855499,0.001057821336
AK,2952167845,2819662855499,0.001046993203
PU,2947681332,2819662855499,0.001045402051
UI,2852182384,2819662855499,0.001011533127
RG,2813274913,2819662855499,0.0009977345013
IB,2780268452,2819662855499,0.000986028683
TL,2775935006,2819662855499,0.0009844918163
NY,2760941827,2819662855499,0.0009791744505
KI,2759841743,2819662855499,0.0009787843031
RK,2736041446,2819662855499,0.0009703434723
YS,2730343336,2819662855499,0.0009683226243
OB,2725791138,2819662855499,0.0009667081767
MM,2708822249,2819662855499,0.0009606901207
FU,2706168901,2819662855499,0.0009597491047
PH,2661480326,2819662855499,0.0009439001974
OG,2651165734,2819662855499,0.0009402421034
MS,2617582287,2819662855499,0.0009283316556
YE,2612941418,2819662855499,0.0009266857606
UD,2577213760,2819662855499,0.0009140148635
MB,2544901434,2819662855499,0.0009025552218
IP,2515455253,2819662855499,0.0008921120651
UB,2497666762,2819662855499,0.0008858033354
OI,2474275212,2819662855499,0.0008775074677
RL,2432373251,2819662855499,0.0008626468396
GU,2418410978,2819662855499,0.0008576950869
DR,2409399231,2819662855499,0.0008544990499
HR,2379584978,2819662855499,0.0008439253556
CC,2344219345,2819662855499,0.0008313828515
TW,2322619238,2819662855499,0.0008237223232
FT,2302659749,2819662855499,0.0008166436439
WN,2227183930,2819662855499,0.0007898759689
NU,2217508482,2819662855499,0.0007864445487
AF,2092395523,2819662855499,0.0007420729464
HU,2077887429,2819662855499,0.0007369276171
NN,2051719074,2819662855499,0.000727646949
EO,2044268477,2819662855499,0.0007250045774
VO,2004982879,2819662855499,0.0007110718486
RV,1953555667,2819662855499,0.000692833068
NF,1894270041,2819662855499,0.0006718072827
XP,1885334638,2819662855499,0.0006686383212
GN,1850801359,2819662855499,0.0006563910133
SM,1838392669,2819662855499,0.0006519902425
FL,1830098844,2819662855499,0.0006490488182
IZ,1814164135,2819662855499,0.0006433975365
OK,1813376076,2819662855499,0.0006431180495
NL,1798491132,2819662855499,0.0006378390695
MY,1753447198,2819662855499,0.0006218641334
GL,1709752272,2819662855499,0.0006063676261
AW,1689436638,2819662855499,0.0005991626391
JU,1655210582,2819662855499,0.0005870242887
OA,1620913259,2819662855499,0.0005748606632
EQ,1614312175,2819662855499,0.0005725195733
SY,1602829285,2819662855499,0.0005684471397
SL,1575646777,2819662855499,0.0005588067999
PS,1538723474,2819662855499,0.0005457118645
JO,1516687319,2819662855499,0.0005378966907
LF,1507867867,2819662855499,0.0005347688516
NV,1466426243,2819662855499,0.0005200714831
JE,1463052212,2819662855499,0.0005188748751
NK,1455100124,2819662855499,0.0005160546486
KN,1450401608,2819662855499,0.0005143883089
GS,1443474876,2819662855499,0.0005119317273
DY,1421751251,2819662855499,0.0005042273931
HY,1412343465,2819662855499,0.0005008908999
ZE,1402290616,2819662855499,0.0004973256335
KS,1339590722,2819662855499,0.0004750889701
XT,1315669490,2819662855499,0.0004666052494
BS,1292319275,2819662855499,0.0004583240413
IK,1209994695,2819662855499,0.0004291274372
DD,1205446875,2819662855499,0.0004275145423
CY,1176324279,2819662855499,0.0004171861457
RP,1173542093,2819662855499,0.000416199437
SK,1112771273,2819662855499,0.0003946469241
XI,1111463633,2819662855499,0.0003941831666
OE,1089254517,2819662855499,0.0003863066518
OY,1020190223,2819662855499,0.0003618128391
WS,989253674,2819662855499,0.0003508411199
LV,984229060,2819662855499,0.0003490591289
DL,911886482,2819662855499,0.000323402665
RF,909634941,2819662855499,0.0003226041508
EU,878402090,2819662855499,0.0003115273474
DG,874188188,2819662855499,0.0003100328773
WR,867361010,2819662855499,0.0003076116027
XA,834649781,2819662855499,0.0002960104891
YI,812619095,2819662855499,0.000288197255
NM,782441941,2819662855499,0.000277494857
EB,763383542,2819662855499,0.0002707357514
RB,753194669,2819662855499,0.0002671222439
TM,746621025,2819662855499,0.0002647908857
XC,746076293,2819662855499,0.0002645976953
EH,742240059,2819662855499,0.0002632371659
TC,736955048,2819662855499,0.0002613628245
GY,731420025,2819662855499,0.0002593998157
JA,729206855,2819662855499,0.0002586149098
HN,726288117,2819662855499,0.0002575797726
YP,702499946,2819662855499,0.0002491432423
ZA,702199296,2819662855499,0.0002490366161
GG,697999944,2819662855499,0.0002475473061
YM,667551857,2819662855499,0.0002367488211
SW,663415953,2819662855499,0.0002352820131
BJ,654853039,2819662855499,0.0002322451557
LM,649112313,2819662855499,0.0002302091939
CS,643530723,2819662855499,0.00022822967
II,642384029,2819662855499,0.0002278229923
IX,621227893,2819662855499,0.0002203199194
XE,614533122,2819662855499,0.0002179456032
OH,602121281,2819662855499,0.0002135437149
LK,555883002,2819662855499,0.0001971452016
DV,537221821,2819662855499,0.0001905269703
LP,536595562,2819662855499,0.000190304866
AX,531206960,2819662855499,0.0001883937858
OX,523764012,2819662855499,0.0001857541269
UF,522547858,2819662855499,0.0001853228151
DM,512522701,2819662855499,0.0001817673698
IU,490874936,2819662855499,0.0001740899395
SF,483979931,2819662855499,0.0001716446099
BT,482272940,2819662855499,0.0001710392216
KA,478095427,2819662855499,0.0001695576569
YT,470429861,2819662855499,0.0001668390461
EK,464449289,2819662855499,0.0001647180223
PM,449910017,2819662855499,0.0001595616356
YA,444542870,2819662855499,0.0001576581644
GT,434302509,2819662855499,0.0001540263965
WL,429185823,2819662855499,0.0001522117519
RH,426095630,2819662855499,0.0001511158078
YL,416082307,2819662855499,0.0001475645594
HS,414044112,2819662855499,0.0001468417088
AH,384694919,2819662855499,0.0001364329492
YC,380670476,2819662855499,0.0001350056711
YN,372595315,2819662855499,0.0001321417964
RW,359714599,2819662855499,0.0001275736205
HM,359316447,2819662855499,0.0001274324149
LW,356374125,2819662855499,0.0001263889136
HL,355049620,2819662855499,0.0001259191748
AE,349540062,2819662855499,0.0001239651972
ZI,341671190,2819662855499,0.0001211744834
AZ,334669428,2819662855499,0.0001186912922
LC,333338045,2819662855499,0.0001182191142
PY,331698156,2819662855499,0.0001176375237
AJ,331384552,2819662855499,0.0001175263033
IQ,318727904,2819662855499,0.0001130375936
NJ,312598990,2819662855499,0.00011086396
BB,308276690,2819662855499,0.0001093310462
NH,306883963,2819662855499,0.0001088371124
UO,300484143,2819662855499,0.0001065674013
KL,298033281,2819662855499,0.0001056981974
LR,283411884,2819662855499,0.0001005126849
TN,282266629,2819662855499,0.0001001065175
GM,277966576,2819662855499,0.00009858149369
SN,258702825,2819662855499,0.00009174955952
NR,258048421,2819662855499,0.00009151747362
FY,256535008,2819662855499,0.00009098073818
MN,247850339,2819662855499,0.00008790070008
DW,230152384,2819662855499,0.00008162407912
SB,223212317,2819662855499,0.00007916276819
YR,219696469,2819662855499,0.00007791586451
DN,213431654,2819662855499,0.00007569403327
SQ,209894196,2819662855499,0.00007443946555
ZO,202480511,2819662855499,0.0000718101849
OJ,196696657,2819662855499,0.0000697589276
YD,192245315,2819662855499,0.00006818024879
LB,188643782,2819662855499,0.00006690295672
WT,184446342,2819662855499,0.00006541432485
LG,171657388,2819662855499,0.00006087869252
KO,171324962,2819662855499,0.00006076079687
NP,170186564,2819662855499,0.00006035706137
SR,168896339,2819662855499,0.00005989948006
NQ,167770304,2819662855499,0.00005950012913
KY,167761726,2819662855499,0.00005949708692
LN,165509578,2819662855499,0.00005869835739
NW,163456000,2819662855499,0.00005797005116
TF,159626603,2819662855499,0.0000566119466
FS,155349948,2819662855499,0.00005509522094
CQ,154363546,2819662855499,0.00005474539117
DH,153344431,2819662855499,0.00005438395966
SD,148275222,2819662855499,0.00005258615288
VY,138085211,2819662855499,0.00004897224175
DJ,134832736,2819662855499,0.00004781874391
HW,134615178,2819662855499,0.00004774158646
XU,134528161,2819662855499,0.00004771072568
AO,130442323,2819662855499,0.00004626167371
ML,129888836,2819662855499,0.00004606537826
UK,129819900,2819662855499,0.00004604092995
UY,128782521,2819662855499,0.00004567302107
EJ,128194584,2819662855499,0.00004546450784
EZ,127540198,2819662855499,0.00004523242832
HB,123778334,2819662855499,0.00004389827449
NZ,123192934,2819662855499,0.00004369066102
NB,122258836,2819662855499,0.00004335938098
MC,121591374,2819662855499,0.00004312266403
YB,121220723,2819662855499,0.00004299121179
TP,121089391,2819662855499,0.00004294463459
XH,117618666,2819662855499,0.00004171373389
UX,110947766,2819662855499,0.00003934788366
TZ,108527540,2819662855499,0.00003848954487
BV,108385069,2819662855499,0.0000384390172
MF,107664447,2819662855499,0.00003818344693
WD,99767462,2819662855499,0.0000353827628
OZ,97904996,2819662855499,0.0000347222349
YW,95070267,2819662855499,0.00003371689165
KH,89811517,2819662855499,0.00003185186372
GD,89087728,2819662855499,0.00003159517026
BM,88228719,2819662855499,0.00003129052072
MR,87580303,2819662855499,0.00003106055847
KU,85313841,2819662855499,0.00003025675245
UV,82252351,2819662855499,0.00002917098789
DT,81648332,2819662855499,0.00002895677114
HD,80544316,2819662855499,0.00002856522929
AA,79794787,2819662855499,0.00002829940709
XX,79068246,2819662855499,0.00002804173763
DF,78347492,2819662855499,0.00002778612055
DB,78190243,2819662855499,0.00002773035182
JI,77899882,2819662855499,0.00002762737462
KR,76743394,2819662855499,0.00002721722345
XO,76097183,2819662855499,0.00002698804322
CM,75144874,2819662855499,0.00002665030461
ZZ,75012595,2819662855499,0.00002660339156
NX,73899576,2819662855499,0.00002620865677
YG,73102462,2819662855499,0.00002592595844
XY,72645837,2819662855499,0.00002576401532
KG,72267691,2819662855499,0.00002562990496
TB,71746167,2819662855499,0.00002544494526
DC,71030077,2819662855499,0.00002519098227
BD,69761165,2819662855499,0.00002474095967
SG,69588685,2819662855499,0.00002467978924
WY,68368953,2819662855499,0.00002424720844
ZY,66473188,2819662855499,0.00002357487097
AQ,63283982,2819662855499,0.00002244381163
HF,63249924,2819662855499,0.00002243173288
CD,62905910,2819662855499,0.00002230972752
VU,62384927,2819662855499,0.00002212495968
KW,61416538,2819662855499,0.00002178151827
ZU,60692846,2819662855499,0.00002152485922
BN,59062122,2819662855499,0.00002094651915
IH,58966344,2819662855499,0.00002091255126
TG,55522877,2819662855499,0.00001969131767
XV,55076715,2819662855499,0.00001953308527
UZ,53873803,2819662855499,0.00001910646973
BC,53278096,2819662855499,0.00001889520086
XF,52374239,2819662855499,0.00001857464587
YZ,51097953,2819662855499,0.00001812200806
KM,50449220,2819662855499,0.00001789193339
DP,48855638,2819662855499,0.00001732676582
LH,45643026,2819662855499,0.00001618740549
WF,45330551,2819662855499,0.00001607658551
KF,44759608,2819662855499,0.00001587409924
PF,41022263,2819662855499,0.00001454864113
CF,39704311,2819662855499,0.00001408122639
MT,38538709,2819662855499,0.00001366784292
YU,37436235,2819662855499,0.00001327684795
CP,37067423,2819662855499,0.00001314604791
PB,36901495,2819662855499,0.00001308720116
TD,36539510,2819662855499,0.00001295882234
ZL,35456851,2819662855499,0.0000125748548
SV,35005005,2819662855499,0.00001241460657
HC,34631551,2819662855499,0.00001228216024
MG,34537023,2819662855499,0.00001224863566
PW,34037460,2819662855499,0.00001207146448
GF,33962536,2819662855499,0.00001204489251
PD,33798376,2819662855499,0.00001198667278
PN,33536129,2819662855499,0.00001189366627
PC,33156666,2819662855499,0.00001175908883
RX,32990613,2819662855499,0.00001170019775
TV,32805751,2819662855499,0.00001163463601
IJ,31324465,2819662855499,0.00001110929448
WM,30732232,2819662855499,0.00001089925767
UH,30097154,2819662855499,0.00001067402578
WK,30095733,2819662855499,0.00001067352182
WB,29929113,2819662855499,0.00001061442964
BH,29797934,2819662855499,0.00001056790671
OQ,29227658,2819662855499,0.00001036565699
KT,29132180,2819662855499,0.0000103317955
RQ,28152573,2819662855499,0.000009984375595
KB,25406204,2819662855499,0.000009010369431
CG,24975673,2819662855499,0.000008857680609
VR,24701238,2819662855499,0.000008760351597
CN,24249641,2819662855499,0.000008600191669
PK,23099462,2819662855499,0.000008192278008
UU,22006895,2819662855499,0.000007804796576
YF,21246637,2819662855499,0.000007535169305
WP,20982546,2819662855499,0.000007441508817
CZ,20601701,2819662855499,0.000007306441251
KP,20492678,2819662855499,0.00000726777599
DQ,19927900,2819662855499,0.000007067476156
WU,19601657,2819662855499,0.000006951773316
FM,19340776,2819662855499,0.000006859251262
WC,19008254,2819662855499,0.00000674132156
MD,18929019,2819662855499,0.000006713220683
KD,18894758,2819662855499,0.000006701069939
ZH,18782710,2819662855499,0.000006661331855
GW,18260884,2819662855499,0.000006476265049
RZ,17993128,2819662855499,0.00000638130476
CB,17751935,2819662855499,0.0000062957651
IW,17611969,2819662855499,0.000006246125832
XL,16728256,2819662855499,0.000005932714958
HP,16696129,2819662855499,0.000005921321043
MW,16465357,2819662855499,0.000005839477215
VS,16263248,2819662855499,0.000005767798788
FC,16254390,2819662855499,0.000005764657277
RJ,15598009,2819662855499,0.000005531870227
BP,15427250,2819662855499,0.00000547131015
MH,15033898,2819662855499,0.000005331806947
HH,14730425,2819662855499,0.00000522417954
YH,14682887,2819662855499,0.000005207320078
UJ,14548024,2819662855499,0.000005159490601
FG,14424524,2819662855499,0.000005115691038
FD,13966832,2819662855499,0.000004953369504
GB,13944852,2819662855499,0.000004945574246
PG,13354952,2819662855499,0.000004736364837
TK,13081991,2819662855499,0.000004639558582
KK,12782664,2819662855499,0.000004533401564
HQ,11925353,2819662855499,0.000004229354221
FN,11823066,2819662855499,0.000004193077898
LZ,11767790,2819662855499,0.000004173474136
VL,11621019,2819662855499,0.000004121421459
GP,11612944,2819662855499,0.000004118557642
HZ,10729982,2819662855499,0.000003805413111
DK,9494027,2819662855499,0.000003367078792
YK,9292584,2819662855499,0.000003295636562
QI,8954617,2819662855499,0.000003175775778
LX,8612462,2819662855499,0.000003054429711
VD,8430332,2819662855499,0.000002989836882
ZS,8395904,2819662855499,0.000002977626912
BW,8319869,2819662855499,0.000002950660922
XQ,8225536,2819662855499,0.000002917205503
MV,8172535,2819662855499,0.000002898408575
UW,7824504,2819662855499,0.00000277497857
HG,7789748,2819662855499,0.000002762652274
FB,7730842,2819662855499,0.000002741761124
SJ,7621847,2819662855499,0.000002703105793
WW,7377619,2819662855499,0.000002616489764
GK,7338894,2819662855499,0.000002602755853
UQ,7235727,2819662855499,0.000002566167436
BG,7203255,2819662855499,0.000002554651165
SZ,7041052,2819662855499,0.000002497125494
JR,6846578,2819662855499,0.000002428154837
QL,6708919,2819662855499,0.000002379333752
ZT,6627349,2819662855499,0.000002350404761
HK,6595610,2819662855499,0.000002339148451
VC,6570845,2819662855499,0.000002330365486
XM,6569222,2819662855499,0.000002329789885
GC,6455066,2819662855499,0.000002289304194
FW,6451511,2819662855499,0.000002288043405
PZ,6382200,2819662855499,0.000002263462097
KC,6326022,2819662855499,0.000002243538439
HV,6292998,2819662855499,0.0000022318264
XW,6292525,2819662855499,0.000002231658649
ZW,6279286,2819662855499,0.000002226963407
FP,6262895,2819662855499,0.000002221150301
IY,6247588,2819662855499,0.000002215721638
PV,6222096,2819662855499,0.000002206680841
VT,6181932,2819662855499,0.000002192436584
JP,6129447,2819662855499,0.000002173822657
CV,5869407,2819662855499,0.000002081598865
ZB,5858211,2819662855499,0.000002077628178
VP,5510046,2819662855499,0.000001954150649
ZR,5320518,2819662855499,0.000001886934103
FH,5166165,2819662855499,0.000001832192452
YV,5115763,2819662855499,0.000001814317265
ZG,4726653,2819662855499,0.000001676318497
ZM,4713608,2819662855499,0.000001671692057
ZV,4618705,2819662855499,0.000001638034487
QS,4448602,2819662855499,0.000001577707062
KV,4414960,2819662855499,0.000001565775848
VN,4317772,2819662855499,0.000001531307898
ZN,4300522,2819662855499,0.000001525190145
QA,4298294,2819662855499,0.00000152439998
YX,4211192,2819662855499,0.000001493509053
JN,4150888,2819662855499,0.000001472122099
BF,4108696,2819662855499,0.000001457158607
MK,3956883,2819662855499,0.000001403317773
CW,3909223,2819662855499,0.000001386415043
JM,3659540,2819662855499,0.000001297864386
LQ,3582930,2819662855499,0.000001270694471
JH,3541869,2819662855499,0.000001256132091
KJ,3471162,2819662855499,0.000001231055689
JC,3447571,2819662855499,0.000001222689086
GZ,3431194,2819662855499,0.000001216880945
JS,3329038,2819662855499,0.000001180651082
TX,3328898,2819662855499,0.00000118060143
FK,3293208,2819662855499,0.000001167943889
JL,3192327,2819662855499,0.000001132166207
VM,3178223,2819662855499,0.00000112716419
LJ,3169833,2819662855499,0.000001124188657
TJ,3169658,2819662855499,0.000001124126593
JJ,2979950,2819662855499,0.000001056846209
CJ,2962048,2819662855499,0.000001050497223
VG,2960268,2819662855499,0.000001049865942
MJ,2923325,2819662855499,0.000001036764021
JT,2917850,2819662855499,0.0000010348223
PJ,2810773,2819662855499,0.000000996847192
WG,2751783,2819662855499,0.0000009759262511
VH,2691078,2819662855499,0.0000009543970815
BK,2639491,2819662855499,0.0000009361016317
VV,2622571,2819662855499,0.0000009301009143
JD,2615147,2819662855499,0.0000009274679754
TQ,2517400,2819662855499,0.0000008928017742
VB,2496014,2819662855499,0.0000008852171795
JF,2421784,2819662855499,0.0000008588913371
DZ,2200704,2819662855499,0.0000007804848001
XB,2164724,2819662855499,0.0000007677244092
JB,2126115,2819662855499,0.0000007540316375
ZC,2100797,2819662855499,0.0000007450525498
FJ,2065436,2819662855499,0.0000007325116888
YY,1993017,2819662855499,0.0000007068281217
QN,1859810,2819662855499,0.0000006595859489
XS,1804740,2819662855499,0.0000006400552451
QR,1744325,2819662855499,0.0000006186289246
JK,1740133,2819662855499,0.000000617142222
JV,1719726,2819662855499,0.0000006099048319
QQ,1712219,2819662855499,0.0000006072424569
XN,1613611,2819662855499,0.0000005722709
VF,1550317,2819662855499,0.0000005498235355
PX,1473468,2819662855499,0.0000005225688586
ZD,1415016,2819662855499,0.0000005018387206
QT,1385505,2819662855499,0.0000004913725757
ZP,1361846,2819662855499,0.0000004829818563
QO,1324363,2819662855499,0.000000469688423
DX,1296277,2819662855499,0.0000004597276577
HJ,1282370,2819662855499,0.0000004547955077
GV,1192366,2819662855499,0.0000004228753795
JW,1165914,2819662855499,0.0000004134941161
QC,1127399,2819662855499,0.0000003998346816
JY,1120221,2819662855499,0.0000003972889872
GJ,1093028,2819662855499,0.0000003876449264
QB,1083443,2819662855499,0.0000003842455838
PQ,1075049,2819662855499,0.0000003812686321
JG,1034900,2819662855499,0.0000003670296958
BZ,1007374,2819662855499,0.0000003572675357
MX,994334,2819662855499,0.0000003526428694
QM,989868,2819662855499,0.0000003510589921
MZ,970282,2819662855499,0.0000003441127715
QF,947879,2819662855499,0.0000003361674954
WJ,914179,2819662855499,0.0000003242157119
ZQ,913036,2819662855499,0.0000003238103443
XR,907409,2819662855499,0.0000003218147156
ZK,906537,2819662855499,0.0000003215054588
CX,876736,2819662855499,0.0000003109364647
FX,812116,2819662855499,0.0000002880188312
FV,807297,2819662855499,0.0000002863097616
BX,778622,2819662855499,0.0000002761401061
VW,742188,2819662855499,0.0000002632187031
VJ,724370,2819662855499,0.0000002568995079
MQ,708424,2819662855499,0.0000002512442218
QV,635514,2819662855499,0.0000002253865205
ZF,608389,2819662855499,0.0000002157665761
QE,572443,2819662855499,0.0000002030182434
YJ,561334,2819662855499,0.0000001990784107
GX,557030,2819662855499,0.0000001975519871
KX,555422,2819662855499,0.0000001969817061
XG,542548,2819662855499,0.000000192415912
QD,519921,2819662855499,0.0000001843911938
XJ,511074,2819662855499,0.0000001812535846
SX,503772,2819662855499,0.0000001786639133
VZ,501189,2819662855499,0.0000001777478464
VX,449854,2819662855499,0.000000159541769
WV,389123,2819662855499,0.0000001380033784
YQ,384882,2819662855499,0.0000001364992979
BQ,346506,2819662855499,0.0000001228891601
GQ,345624,2819662855499,0.0000001225763567
VK,337545,2819662855499,0.0000001197111205
ZJ,309029,2819662855499,0.0000001095978547
XK,281255,2819662855499,0.00000009974774092
QP,272180,2819662855499,0.00000009652927103
HX,263997,2819662855499,0.00000009362715102
FZ,263860,2819662855499,0.00000009357856365
QH,263509,2819662855499,0.00000009345408068
QJ,236928,2819662855499,0.00000008402706711
JZ,220675,2819662855499,0.0000000782629028
VQ,212856,2819662855499,0.00000007548987624
KQ,187242,2819662855499,0.00000006640581147
XD,168263,2819662855499,0.00000005967486491
QW,163292,2819662855499,0.00000005791188818
JX,161750,2819662855499,0.00000005736501429
QX,159505,2819662855499,0.00000005656881981
KZ,150760,2819662855499,0.00000005346738519
WX,150637,2819662855499,0.00000005342376295
FQ,149430,2819662855499,0.00000005299569759
XZ,136521,2819662855499,0.00000004841749067
ZX,108224,2819662855499,0.0000000383818937